{
  "name": "Light Switch",
  "difficulty": "Easy",
  "description": "",
  "referenceImage": "",
  "polygons": [
    [
      {
        "x": 0.06871868287435892,
        "y": 0.36576478989864225
      },
      {
        "x": 0.08145777264983987,
        "y": 0.3693760867017928
      },
      {
        "x": 0.08206904105009524,
        "y": 0.44075065026682925
      },
      {
        "x": 0.06908825873087313,
        "y": 0.44271122720790146
      }
    ]
  ]
}