{
  "name": "Mini LCD Screen",
  "difficulty": "Easy",
  "description": "",
  "referenceImage": "",
  "polygons": [
    [
      {
        "x": 0.5152649197438285,
        "y": 0.5528056151364709
      },
      {
        "x": 0.5286194463676614,
        "y": 0.5658917122049305
      },
      {
        "x": 0.526598966210304,
        "y": 0.5830564614502258
      },
      {
        "x": 0.5143437698976607,
        "y": 0.5783567559799665
      }
    ]
  ]
}