{
  "name": "Plastic Fork",
  "difficulty": "Medium",
  "description": "You’ve discovered the Forbidden Chassis Tool. In the heat of a three-day off-season event, this isn't just a piece of plastic cutlery; it’s a potential shim, a temporary wedge, or more likely, the only evidence left of a 'working lunch' that the mentors definitely told us to eat in the hallway.",
  "referenceImage": "",
  "polygons": [
    [
      {
        "x": 0.7171900569509524,
        "y": 0.7894769792556475
      },
      {
        "x": 0.7289224984644267,
        "y": 0.7788016476106775
      },
      {
        "x": 0.7312750559004662,
        "y": 0.7891748089678302
      },
      {
        "x": 0.7173064858043781,
        "y": 0.8056898197135396
      }
    ]
  ]
}