{
  "name": "Webcam",
  "difficulty": "Easy",
  "description": "",
  "referenceImage": "",
  "polygons": [
    [
      {
        "x": 0.5255747347188731,
        "y": 0.5312722085021966
      },
      {
        "x": 0.5373418529212264,
        "y": 0.5454205839686037
      },
      {
        "x": 0.5366167323603606,
        "y": 0.5665508394688226
      },
      {
        "x": 0.5245692047019266,
        "y": 0.564092605449619
      }
    ]
  ]
}